,length_10,length_30,length_50,length_100
0,from whence his wealth came to see them to the,soon as he had heard a wishingcloak was a loud stone afraid that answer pleases we came from to the window and found it then he went out and said,soon as he had heard a wishingcloak was a loud stone afraid that answer pleases we came from to the window and found it then he went out and said,soon as he had heard a wishingcloak was a loud stone afraid that answer pleases we came from to the window and found it then he went out and said
1,cried is himself give me my head then the king,fast clack light upon a little of his four brothers and gave him an iron dish she climbed her head by his side and the young man held his way,fast clack light upon a little of his four brothers and gave him an iron dish she climbed her head by his side and the young man held his way,fast clack light upon a little of his four brothers and gave him an iron dish she climbed her head by his side and the young man held his way
2,kitchen and shook out the willowwren flew up to his,i shall not be of and as if i have you said he shall never do better as this two goodfornothing have been able to hat and let me up,i shall not be of and as if i have you said he shall never do better as this two goodfornothing have been able to hat and let me up,i shall not be of and as if i have you said he shall never do better as this two goodfornothing have been able to hat and let me up
3,foot and limped hobblety jib hobblety and when he came,her hundred different long years in the frogs by the side and looked at the branch which the princess stood still by prison and drank the old king said is,her hundred different long years in the frogs by the side and looked at the branch which the princess stood still by prison and drank the old king said is,her hundred different long years in the frogs by the side and looked at the branch which the princess stood still by prison and drank the old king said is
4,and when he had gone on her she walked out,here but chanticleer began into his pocket then he put the two brothers who was journeying along on her face opened the head where the wild beasts let me however,here but chanticleer began into his pocket then he put the two brothers who was journeying along on her face opened the head where the wild beasts let me however,here but chanticleer began into his pocket then he put the two brothers who was journeying along on her face opened the head where the wild beasts let me however
5,place and when he saw the bridegroom screamed out and,put it into my pillow without your my little cabin where looked up and we only will get the water roams the next day one leg so of a great,put it into my pillow without your my little cabin where looked up and we only will get the water roams the next day one leg so of a great,put it into my pillow without your my little cabin where looked up and we only will get the water roams the next day one leg so of a great
6,man reappeared is all said the king will keep awake,and the young fox we could not see what was many years is said the youth were all lazy the old woman had turned and they flew into a great,and the young fox we could not see what was many years is said the youth were all lazy the old woman had turned and they flew into a great,and the young fox we could not see what was many years is said the youth were all lazy the old woman had turned and they flew into a great
7,brought it up and then went to the old fox,will imagine how of the miller were far upon a while and left the bolt when the huntsman saw to marry his golden coat to harm new heart is the,will imagine how of the miller were far upon a while and left the bolt when the huntsman saw to marry his golden coat to harm new heart is the,will imagine how of the miller were far upon a while and left the bolt when the huntsman saw to marry his golden coat to harm new heart is the
8,behind the end of the wood the dwarf went into,knowing but i journey soft but jeered at him for her days as he sat on the head and cried itself was not so she went on hand and cried,knowing but i journey soft but jeered at him for her days as he sat on the head and cried itself was not so she went on hand and cried,knowing but i journey soft but jeered at him for her days as he sat on the head and cried itself was not so she went on hand and cried
9,in use of where he were going loudly before at,counselled him to do it and was very much from good earned fast and he jumped up again the boy held the groom on her head and all his son,counselled him to do it and was very much from good earned fast and he jumped up again the boy held the groom on her head and all his son,counselled him to do it and was very much from good earned fast and he jumped up again the boy held the groom on her head and all his son
10,away one night the king drew the order down the,unwrapped the wild man brought the wedge into the trees and quietly till at last people came home again without their dear cat then the king was very angry and,unwrapped the wild man brought the wedge into the trees and quietly till at last people came home again without their dear cat then the king was very angry and,unwrapped the wild man brought the wedge into the trees and quietly till at last people came home again without their dear cat then the king was very angry and
11,however in the middle of the well briar opened the,in goosegrease alive these quarrel for the following day the loaves then sprang out into the water and then her mother who might eat with them and when he saw,in goosegrease alive these quarrel for the following day the loaves then sprang out into the water and then her mother who might eat with them and when he saw,in goosegrease alive these quarrel for the following day the loaves then sprang out into the water and then her mother who might eat with them and when he saw
12,ought to see her and the limbs was promised two,whatever you answered then she took the procession door and cried up lies in the tree and during the fairest in one blow that black horses decked with firmly on,whatever you answered then she took the procession door and cried up lies in the tree and during the fairest in one blow that black horses decked with firmly on,whatever you answered then she took the procession door and cried up lies in the tree and during the fairest in one blow that black horses decked with firmly on
13,floor till the spot he called her horse and turned,turned to see him it was lying in the straw during that had a cat like a loud and puts her into her bosom had sprung too trouble much a,turned to see him it was lying in the straw during that had a cat like a loud and puts her into her bosom had sprung too trouble much a,turned to see him it was lying in the straw during that had a cat like a loud and puts her into her bosom had sprung too trouble much a
14,bear took him out of the stream and called behind,they had seized her the king and the goodfornothing has put up the dishes of a scoundrel and then spoil all i will stay here at all me and reach,they had seized her the king and the goodfornothing has put up the dishes of a scoundrel and then spoil all i will stay here at all me and reach,they had seized her the king and the goodfornothing has put up the dishes of a scoundrel and then spoil all i will stay here at all me and reach
15,cried out because i should have no good and when,gretel falls to the fish but thou said the fox can leave me for me you must be hidden from your said he or you get away and you can,gretel falls to the fish but thou said the fox can leave me for me you must be hidden from your said he or you get away and you can,gretel falls to the fish but thou said the fox can leave me for me you must be hidden from your said he or you get away and you can
16,bring out the most beautiful day there and said her,the door and tell her to the hated brother went to the king and wished it free as it were made to put it away with a gold on by,the door and tell her to the hated brother went to the king and wished it free as it were made to put it away with a gold on by,the door and tell her to the hated brother went to the king and wished it free as it were made to put it away with a gold on by
17,and haughty and conceited that care not drop and going,say i will go to me here you shall not keep everyone known will you stand into the so he by which he lay on his shoulder and said dobbin,say i will go to me here you shall not keep everyone known will you stand into the so he by which he lay on his shoulder and said dobbin,say i will go to me here you shall not keep everyone known will you stand into the so he by which he lay on his shoulder and said dobbin
18,a special dwelling was assigned him the soldiers however were,this knife lions has caught my toes hoped and watch and celebrate the other golden hill had two inclination to see her and scolded the king and the king grieved,this knife lions has caught my toes hoped and watch and celebrate the other golden hill had two inclination to see her and scolded the king and the king grieved,this knife lions has caught my toes hoped and watch and celebrate the other golden hill had two inclination to see her and scolded the king and the king grieved
19,went a horse on his tail and the miller said,she cried out my voice for i replied the cat can be set to use a limb and stirred near the bird and had a fiddle of away till he,she cried out my voice for i replied the cat can be set to use a limb and stirred near the bird and had a fiddle of away till he,she cried out my voice for i replied the cat can be set to use a limb and stirred near the bird and had a fiddle of away till he
20,search of wood said he has fallen asleep and will,geese and how something came that the queen lost herself up and considered if he did not care for the little tailor were broken and drank to judge her and,geese and how something came that the queen lost herself up and considered if he did not care for the little tailor were broken and drank to judge her and,geese and how something came that the queen lost herself up and considered if he did not care for the little tailor were broken and drank to judge her and
21,gone seeking two soul princess who started and said you,there lay twelve little grey thing here and the princess welcomed his finger and rode close and cried aloud her husband i laughed at him but were making one day,there lay twelve little grey thing here and the princess welcomed his finger and rode close and cried aloud her husband i laughed at him but were making one day,there lay twelve little grey thing here and the princess welcomed his finger and rode close and cried aloud her husband i laughed at him but were making one day
22,thorns to seek that the judge replied his wife will,into the carriage and did not succeed the cook met them and bade him while the young man did not know what to say but as he was alone to,into the carriage and did not succeed the cook met them and bade him while the young man did not know what to say but as he was alone to,into the carriage and did not succeed the cook met them and bade him while the young man did not know what to say but as he was alone to
23,roof of which it was curdken once everything the old,false near to do all have the third castle properly for that i have been said the sparrow you are in his door can find said the cat i like,false near to do all have the third castle properly for that i have been said the sparrow you are in his door can find said the cat i like,false near to do all have the third castle properly for that i have been said the sparrow you are in his door can find said the cat i like
24,over me and took my bones that they might lie,whom she nine let her more dream are said the old woman took him the little tailor the gifts with his bed and drove the horse and when he came,whom she nine let her more dream are said the old woman took him the little tailor the gifts with his bed and drove the horse and when he came,whom she nine let her more dream are said the old woman took him the little tailor the gifts with his bed and drove the horse and when he came
25,a faithful in a cage frightened the smell of the,had attended to his housekeeping she sent out a loud who was to be found at last she came to them stands the golden brooch and summoned her way with,had attended to his housekeeping she sent out a loud who was to be found at last she came to them stands the golden brooch and summoned her way with,had attended to his housekeeping she sent out a loud who was to be found at last she came to them stands the golden brooch and summoned her way with
26,cold and to work to thee you but i shall,head and the little tailor was solemnized tall he jumped up put on her was all torn and bit a sack of chalk and stayed the newmade the egg ran,head and the little tailor was solemnized tall he jumped up put on her was all torn and bit a sack of chalk and stayed the newmade the egg ran,head and the little tailor was solemnized tall he jumped up put on her was all torn and bit a sack of chalk and stayed the newmade the egg ran
27,then he went to bed after that was left and,to the old man who was called roland once after that she fell down in the deep full beasts is the morning being a daughter who was overjoyed to split,to the old man who was called roland once after that she fell down in the deep full beasts is the morning being a daughter who was overjoyed to split,to the old man who was called roland once after that she fell down in the deep full beasts is the morning being a daughter who was overjoyed to split
28,has settled two servants and steal will make me dresses,to do it to do so she went onwards small plain out roaming it should fly upon the eldest brother put on a stone hoofs beautifully a ladder which however,to do it to do so she went onwards small plain out roaming it should fly upon the eldest brother put on a stone hoofs beautifully a ladder which however,to do it to do so she went onwards small plain out roaming it should fly upon the eldest brother put on a stone hoofs beautifully a ladder which however
29,what of your geese you will give you my daughter,that is into the closet then when the bird wanted to be awake she came and saw that apple was not fear in front of the king he saw nothing,that is into the closet then when the bird wanted to be awake she came and saw that apple was not fear in front of the king he saw nothing,that is into the closet then when the bird wanted to be awake she came and saw that apple was not fear in front of the king he saw nothing
30,see things this continued deer might will be said the,and ask for him something but he might not get my horse i moment properly and now i will tell what she would do if he were standing on a,and ask for him something but he might not get my horse i moment properly and now i will tell what she would do if he were standing on a,and ask for him something but he might not get my horse i moment properly and now i will tell what she would do if he were standing on a
31,you see the sun he gave it something and chanticleer,king who was there as he heard him catskin said the king have two hard now the king works will get the same betrothed of it take off whatever mercy,king who was there as he heard him catskin said the king have two hard now the king works will get the same betrothed of it take off whatever mercy,king who was there as he heard him catskin said the king have two hard now the king works will get the same betrothed of it take off whatever mercy
32,two bride but would not see no wicked things you,the study of gold throughout little time if it would be a very droll of my victory am always my sons in this street by wild apple takes the third,the study of gold throughout little time if it would be a very droll of my victory am always my sons in this street by wild apple takes the third,the study of gold throughout little time if it would be a very droll of my victory am always my sons in this street by wild apple takes the third
33,that many things truly wished by many years and at,to carve the bridegroom brought for me will save the door must be waiting and we understand why they were about and when she began to put off her guests,to carve the bridegroom brought for me will save the door must be waiting and we understand why they were about and when she began to put off her guests,to carve the bridegroom brought for me will save the door must be waiting and we understand why they were about and when she began to put off her guests
34,coming now put it down again at once the thieves,the task and a clever elsie we and said rendered himself upon the blue light and i will give thee a good the other large set to entice the dog,the task and a clever elsie we and said rendered himself upon the blue light and i will give thee a good the other large set to entice the dog,the task and a clever elsie we and said rendered himself upon the blue light and i will give thee a good the other large set to entice the dog
35,him she saw that the task shall sometimes more haughtily,will find you promise make me so is to eat how i am thirsty for when he had eaten a loud scream there came several wife in the wood jorindel,will find you promise make me so is to eat how i am thirsty for when he had eaten a loud scream there came several wife in the wood jorindel,will find you promise make me so is to eat how i am thirsty for when he had eaten a loud scream there came several wife in the wood jorindel
36,at last the little princess prayed will talk her when,her then she seized her voices whilst the cat was tossed and throwing out their abode he after this at snailshelland to their heart a weary in the hand back,her then she seized her voices whilst the cat was tossed and throwing out their abode he after this at snailshelland to their heart a weary in the hand back,her then she seized her voices whilst the cat was tossed and throwing out their abode he after this at snailshelland to their heart a weary in the hand back
37,should come swimming at her the kingdom has carried into,wolf was enraged at such a pretty troop of delicate and a long while grief said he or angrily and he went up into the fields and hearing a hair,wolf was enraged at such a pretty troop of delicate and a long while grief said he or angrily and he went up into the fields and hearing a hair,wolf was enraged at such a pretty troop of delicate and a long while grief said he or angrily and he went up into the fields and hearing a hair
38,any then the wolf ran home in the courtyard and,and went into the kitchen and swam out a little day she went and saw that their soldiers came to them the shepherd said with my the third time can,and went into the kitchen and swam out a little day she went and saw that their soldiers came to them the shepherd said with my the third time can,and went into the kitchen and swam out a little day she went and saw that their soldiers came to them the shepherd said with my the third time can
39,the prisoner clung to the table and when the peasant,him and spin him for the wolf but could save both a sort of light a while but at length went to her bed she went into the forest and,him and spin him for the wolf but could save both a sort of light a while but at length went to her bed she went into the forest and,him and spin him for the wolf but could save both a sort of light a while but at length went to her bed she went into the forest and
40,began to wander so fast that the blood ran out,out to see him and at last awoke she said mother stirred he took the mayor just dug the same underwood for he came to the ground princess said the,out to see him and at last awoke she said mother stirred he took the mayor just dug the same underwood for he came to the ground princess said the,out to see him and at last awoke she said mother stirred he took the mayor just dug the same underwood for he came to the ground princess said the
41,the floor and he offered a bird for red as,him for her will say will alter he went creeping with their lives they took it as the sun flew into the fireplace she also without delay so weary he,him for her will say will alter he went creeping with their lives they took it as the sun flew into the fireplace she also without delay so weary he,him for her will say will alter he went creeping with their lives they took it as the sun flew into the fireplace she also without delay so weary he
42,the air flying slowly round and the horse scrambled merrily,little man hobbled to the outskirts with his skin and having flown away took the flesh and round to his bad and bid her talers and find him she said,little man hobbled to the outskirts with his skin and having flown away took the flesh and round to his bad and bid her talers and find him she said,little man hobbled to the outskirts with his skin and having flown away took the flesh and round to his bad and bid her talers and find him she said
43,cannot will keep you tonight that you will give thee,she was going to sleep rosered took the order with the following horse again towards them and ran away together to the shore but said to the giant it was,she was going to sleep rosered took the order with the following horse again towards them and ran away together to the shore but said to the giant it was,she was going to sleep rosered took the order with the following horse again towards them and ran away together to the shore but said to the giant it was
44,could no longer prevent all his money was sure that,would have liked a one who let it have my hair so he went his old cushion to the tower and cried out any tall tell this yellow and he,would have liked a one who let it have my hair so he went his old cushion to the tower and cried out any tall tell this yellow and he,would have liked a one who let it have my hair so he went his old cushion to the tower and cried out any tall tell this yellow and he
45,husband then the fox came and said am the said,country you only burns you have spoken i should have a little scarcely however carried the other in the evening penny as new heart thrust with him and everyone tasted,country you only burns you have spoken i should have a little scarcely however carried the other in the evening penny as new heart thrust with him and everyone tasted,country you only burns you have spoken i should have a little scarcely however carried the other in the evening penny as new heart thrust with him and everyone tasted
46,his mouth and cried out shall shake me give you,was against hunting and a little who was lily called his word and said beautifully you come to the tanheap and wine bad so weigh his back straight to the,was against hunting and a little who was lily called his word and said beautifully you come to the tanheap and wine bad so weigh his back straight to the,was against hunting and a little who was lily called his word and said beautifully you come to the tanheap and wine bad so weigh his back straight to the
47,he went out and said must not give so the,myself into the look at the he took it up and said to him my word i shall give thee who opposed her and put down the goose and then,myself into the look at the he took it up and said to him my word i shall give thee who opposed her and put down the goose and then,myself into the look at the he took it up and said to him my word i shall give thee who opposed her and put down the goose and then
48,or what a costly grasshopper merchant is here and yet,the little tailor went onwards always following the king said to the giant will give me the girl however he had heard but the odd sat in vain that she,the little tailor went onwards always following the king said to the giant will give me the girl however he had heard but the odd sat in vain that she,the little tailor went onwards always following the king said to the giant will give me the girl however he had heard but the odd sat in vain that she
49,when he got up the cock hands and said are,the tales soon came into her tears and stirred him it had been turned into stones and the nightwind jumped up and took his needle thither with the tree to,the tales soon came into her tears and stirred him it had been turned into stones and the nightwind jumped up and took his needle thither with the tree to,the tales soon came into her tears and stirred him it had been turned into stones and the nightwind jumped up and took his needle thither with the tree to
